{
  "esm_model_name": "esm2_t6_8M_UR50D",
  "architecture_hyperparameters": {
    "hidden_dim": 128,
    "dropout": 0.3
  },
  "training": {
    "batch_size": 24,
    "epochs_requested": 30,
    "early_stopping_patience": 5,
    "min_delta": 0.001,
    "optimizer": "AdamW",
    "lr": 0.001,
    "weight_decay": 0.0001,
    "protein_pos_weight": 1.0387755632400513,
    "protein_pos_weight_formula": "n_neg / n_pos in train split after 90/10 stratified split"
  },
  "validation_loss": 0.1929540480587551,
  "test_metrics": {
    "threshold": 0.5,
    "accuracy": 0.9172113289760349,
    "auroc": 0.9698433806146572,
    "auprc": 0.9713320661741235,
    "f1": 0.9166666666666666,
    "precision": 0.9008620689655172,
    "recall": 0.9330357142857143,
    "specificity": 0.902127659574468,
    "mcc": 0.8349730521499683,
    "confusion_matrix": {
      "tn": 636,
      "fp": 69,
      "fn": 45,
      "tp": 627
    },
    "test_loss": 0.2320747963743272,
    "best_epoch": 16,
    "n_test_sequences": 1377
  }
}