{
  "esm_model_name": "esm2_t6_8M_UR50D",
  "baseline_checkpoint_path": "/content/XAllergen2.0/models/baseline_frozen_esm2.pt",
  "architecture_hyperparameters": {
    "hidden_dim": 128,
    "dropout": 0.3,
    "epitope_hidden_dim": 128
  },
  "training": {
    "batch_size": 1,
    "epochs_requested": 30,
    "early_stopping_patience": 5,
    "optimizer": "AdamW",
    "lr": 0.001,
    "weight_decay": 0.0001,
    "lambda_cls": 1.0,
    "lambda_epi": 0.5,
    "use_protein_pos_weight": false,
    "protein_pos_weight": null,
    "residue_pos_weight": 4.01045560836792,
    "residue_pos_weight_formula": "total_non_epitope_residues / total_epitope_residues",
    "total_epitope_residues_train": 17024.0,
    "total_non_epitope_residues_train": 68274.0,
    "best_epoch": 5,
    "early_stopped": false
  },
  "validation_losses": {
    "total_loss": 0.7195976713011342,
    "cls_loss": 0.4073481265601341,
    "epi_loss": 1.181109063117108,
    "weighted_cls": 0.4073481265601341,
    "weighted_epi": 0.590554531558554
  },
  "validation_classification_metrics": {
    "threshold": 0.5,
    "accuracy": 0.8870967741935484,
    "auroc": 0.959375,
    "auprc": 0.9659472111708041,
    "f1": 0.8985507246376812,
    "precision": 0.8378378378378378,
    "recall": 0.96875,
    "specificity": 0.8,
    "mcc": 0.7831588841594265,
    "confusion_matrix": {
      "tn": 24,
      "fp": 6,
      "fn": 1,
      "tp": 31
    }
  },
  "validation_residue_metrics": {
    "n_valid_residues": 9570,
    "n_positive_residues": 1855,
    "auroc": 0.5739796629592299,
    "auprc": 0.2533777348497489,
    "precision_at_k": 0.30026954412460327
  },
  "test_metrics": {
    "threshold": 0.5,
    "accuracy": 0.8382352941176471,
    "auroc": 0.9169398907103824,
    "auprc": 0.9015174710182859,
    "f1": 0.8307692307692308,
    "precision": 0.782608695652174,
    "recall": 0.8852459016393442,
    "specificity": 0.8,
    "mcc": 0.6816792103972438,
    "confusion_matrix": {
      "tn": 60,
      "fp": 15,
      "fn": 7,
      "tp": 54
    },
    "test_total_loss": 0.8220108248950804,
    "test_cls_loss": 0.5639146459359956,
    "test_epi_loss": 1.1014818625971141,
    "test_weighted_cls": 0.5639146459359956,
    "test_weighted_epi": 0.5507409312985571,
    "best_epoch": 5,
    "n_test_sequences": 136
  },
  "test_residue_metrics": {
    "n_valid_residues": 17133,
    "n_positive_residues": 3759,
    "auroc": 0.6492932788037189,
    "auprc": 0.3167880047135349,
    "precision_at_k": 0.33812183141708374
  }
}