{
  "esm_model_name": "esm2_t6_8M_UR50D",
  "baseline_checkpoint_path": "/content/XAllergen2.0/models/baseline_frozen_esm2.pt",
  "architecture_hyperparameters": {
    "hidden_dim": 128,
    "dropout": 0.3,
    "epitope_hidden_dim": 128
  },
  "training": {
    "batch_size": 24,
    "epochs_requested": 30,
    "early_stopping_patience": 5,
    "optimizer": "AdamW",
    "lr": 0.001,
    "weight_decay": 0.0001,
    "lambda_cls": 1.0,
    "lambda_epi": 0.5,
    "use_protein_pos_weight": false,
    "protein_pos_weight": null,
    "residue_pos_weight": 4.01045560836792,
    "residue_pos_weight_formula": "total_non_epitope_residues / total_epitope_residues",
    "total_epitope_residues_train": 17024.0,
    "total_non_epitope_residues_train": 68274.0,
    "best_epoch": 3,
    "early_stopped": false
  },
  "validation_losses": {
    "total_loss": 0.8338332176208496,
    "cls_loss": 0.2943188730747469,
    "epi_loss": 1.0796695257429045,
    "weighted_cls": 0.2943188730747469,
    "weighted_epi": 0.5398347628714523
  },
  "validation_classification_metrics": {
    "threshold": 0.5,
    "accuracy": 0.8548387096774194,
    "auroc": 0.95,
    "auprc": 0.9594759048524173,
    "f1": 0.8656716417910447,
    "precision": 0.8285714285714286,
    "recall": 0.90625,
    "specificity": 0.8,
    "mcc": 0.7118330908340446,
    "confusion_matrix": {
      "tn": 24,
      "fp": 6,
      "fn": 3,
      "tp": 29
    }
  },
  "validation_residue_metrics": {
    "n_valid_residues": 9570,
    "n_positive_residues": 1855,
    "auroc": 0.5963394374734694,
    "auprc": 0.2621775707401943,
    "precision_at_k": 0.28463611006736755
  },
  "test_metrics": {
    "threshold": 0.5,
    "accuracy": 0.8308823529411765,
    "auroc": 0.9020765027322404,
    "auprc": 0.8871375159678779,
    "f1": 0.816,
    "precision": 0.796875,
    "recall": 0.8360655737704918,
    "specificity": 0.8266666666666667,
    "mcc": 0.6603549118415034,
    "confusion_matrix": {
      "tn": 62,
      "fp": 13,
      "fn": 10,
      "tp": 51
    },
    "test_total_loss": 0.9893085559209188,
    "test_cls_loss": 0.38792480528354645,
    "test_epi_loss": 1.1112586032423741,
    "test_weighted_cls": 0.38792480528354645,
    "test_weighted_epi": 0.5556293016211871,
    "best_epoch": 3,
    "n_test_sequences": 136
  },
  "test_residue_metrics": {
    "n_valid_residues": 17133,
    "n_positive_residues": 3759,
    "auroc": 0.6278026898247655,
    "auprc": 0.29767037647421657,
    "precision_at_k": 0.3197658956050873
  }
}