lambda_rsa,epoch,val_auroc,val_precision,val_recall,val_f1,val_mcc,val_accuracy,test_auroc,test_precision,test_recall,test_f1,test_mcc,test_accuracy,residue_auroc,residue_auprc,residue_precision_at_k
0.0,16,0.977983147594455,0.9166666666666666,0.9267399267399268,0.9216757741347905,0.8453529607812278,0.9226618705035972,0.9698602668017561,0.8995695839311334,0.9330357142857143,0.9159970781592404,0.8335690051819523,0.9164851125635439,0.4677,0.2529,0.2163
0.1,16,0.977814882408522,0.92,0.9267399267399268,0.9233576642335767,0.8489135122571877,0.9244604316546763,0.9693473488686254,0.8968481375358166,0.9315476190476191,0.9138686131386862,0.8292606900609314,0.9143064633260711,0.4679,0.2527,0.2165
0.5,21,0.9786173779106642,0.9333333333333333,0.9230769230769231,0.9281767955801105,0.8596896939535587,0.9298561151079137,0.9697315096251266,0.9225037257824144,0.9211309523809523,0.9218168279970216,0.8474024951471003,0.9237472766884531,0.466,0.2519,0.2148
1.0,16,0.9770123869063799,0.9233576642335767,0.9267399267399268,0.9250457038391224,0.852485327634834,0.9262589928057554,0.9705420466058763,0.9071117561683599,0.9300595238095238,0.9184423218221895,0.8390385577715266,0.9193899782135077,0.4667,0.2517,0.2188
5.0,21,0.9775171824641788,0.9333333333333333,0.9230769230769231,0.9281767955801105,0.8596896939535587,0.9298561151079137,0.9694465552178319,0.9198813056379822,0.9226190476190477,0.9212481426448736,0.8459679497034495,0.9230210602759622,0.457,0.2474,0.2146
