{
  "esm_model_name": "esm2_t6_8M_UR50D",
  "architecture_hyperparameters": {
    "hidden_dim": 128,
    "dropout": 0.3
  },
  "training": {
    "batch_size": 24,
    "epochs_requested": 30,
    "early_stopping_patience": 5,
    "optimizer": "AdamW",
    "lr": 0.001,
    "weight_decay": 0.0001,
    "protein_pos_weight": 1.0387755632400513,
    "protein_pos_weight_formula": "n_neg / n_pos in train split after 90/10 stratified split"
  },
  "validation_loss": 0.19266067927689862,
  "test_metrics": {
    "threshold": 0.5,
    "accuracy": 0.9193899782135077,
    "auroc": 0.969138382303276,
    "auprc": 0.9716853817909046,
    "f1": 0.9172259507829977,
    "precision": 0.9192825112107623,
    "recall": 0.9151785714285714,
    "specificity": 0.9234042553191489,
    "mcc": 0.8386784262418746,
    "confusion_matrix": {
      "tn": 651,
      "fp": 54,
      "fn": 57,
      "tp": 615
    },
    "test_loss": 0.2438393087168924,
    "best_epoch": 21,
    "n_test_sequences": 1377
  }
}