{
  "esm_model_name": "esm2_t6_8M_UR50D",
  "architecture_hyperparameters": {
    "hidden_dim": 128,
    "dropout": 0.3
  },
  "training": {
    "batch_size": 24,
    "epochs_requested": 30,
    "early_stopping_patience": 5,
    "optimizer": "AdamW",
    "lr": 0.001,
    "weight_decay": 0.0001
  },
  "validation_loss": 0.25062609319299245,
  "test_metrics": {
    "threshold": 0.5,
    "accuracy": 0.9113372093023255,
    "auroc": 0.9672521464305028,
    "auprc": 0.9682752214296395,
    "f1": 0.9108187134502924,
    "precision": 0.9161764705882353,
    "recall": 0.9055232558139535,
    "specificity": 0.9171511627906976,
    "mcc": 0.8227300404172704,
    "confusion_matrix": {
      "tn": 631,
      "fp": 57,
      "fn": 65,
      "tp": 623
    },
    "test_loss": 0.23252507357663194,
    "best_epoch": 11,
    "n_test_sequences": 1376
  }
}