{
  "esm_model_name": "esm2_t6_8M_UR50D",
  "baseline_checkpoint_path": "/Users/jianzhouyao/Library/Mobile Documents/com~apple~CloudDocs/Universita\u0308t/ETH/DL in Biology/XAllergen2.0/models/baseline_frozen_esm2.pt",
  "architecture_hyperparameters": {
    "hidden_dim": 128,
    "dropout": 0.3,
    "epitope_hidden_dim": 128
  },
  "training": {
    "batch_size": 1,
    "epochs_requested": 30,
    "early_stopping_patience": 5,
    "optimizer": "AdamW",
    "lr": 0.001,
    "weight_decay": 0.0001,
    "lambda_cls": 1.0,
    "lambda_epi": 0.5,
    "use_protein_pos_weight": false,
    "protein_pos_weight": null,
    "residue_pos_weight": 2.9089303016662598,
    "residue_pos_weight_formula": "total_non_epitope_residues / total_epitope_residues",
    "total_epitope_residues_train": 24344.0,
    "total_non_epitope_residues_train": 70815.0,
    "best_epoch": 4,
    "early_stopped": false
  },
  "validation_losses": {
    "total_loss": 0.4274618551135063,
    "cls_loss": 0.1642889921350902,
    "epi_loss": 0.9814238623500668,
    "weighted_cls": 0.1642889921350902,
    "weighted_epi": 0.4907119311750334
  },
  "validation_classification_metrics": {
    "threshold": 0.5,
    "accuracy": 0.9444444444444444,
    "auroc": 0.9876447876447877,
    "auprc": 0.9893762330828522,
    "f1": 0.9459459459459459,
    "precision": 0.9459459459459459,
    "recall": 0.9459459459459459,
    "specificity": 0.9428571428571428,
    "mcc": 0.8888030888030888,
    "confusion_matrix": {
      "tn": 33,
      "fp": 2,
      "fn": 2,
      "tp": 35
    }
  },
  "validation_residue_metrics": {
    "n_valid_residues": 10301,
    "n_positive_residues": 2145,
    "auroc": 0.6575661260433207,
    "auprc": 0.31219280585927534,
    "precision_at_k": 0.3608391582965851
  },
  "test_metrics": {
    "threshold": 0.5,
    "accuracy": 0.8193548387096774,
    "auroc": 0.8768115942028986,
    "auprc": 0.839703836407075,
    "f1": 0.8082191780821918,
    "precision": 0.7662337662337663,
    "recall": 0.855072463768116,
    "specificity": 0.7906976744186046,
    "mcc": 0.6418877173983303,
    "confusion_matrix": {
      "tn": 68,
      "fp": 18,
      "fn": 10,
      "tp": 59
    },
    "test_total_loss": 0.9494522594636486,
    "test_cls_loss": 0.7043774639821212,
    "test_epi_loss": 0.9982875978289742,
    "test_weighted_cls": 0.7043774639821212,
    "test_weighted_epi": 0.4991437989144871,
    "best_epoch": 4,
    "n_test_sequences": 155
  },
  "test_residue_metrics": {
    "n_valid_residues": 17892,
    "n_positive_residues": 5106,
    "auroc": 0.6766098903465521,
    "auprc": 0.4331293347374137,
    "precision_at_k": 0.4500587582588196
  }
}