{
  "esm_model_name": "esm2_t6_8M_UR50D",
  "baseline_checkpoint_path": "/Users/jianzhouyao/Library/Mobile Documents/com~apple~CloudDocs/Universita\u0308t/ETH/DL in Biology/XAllergen2.0/models/baseline_frozen_esm2.pt",
  "architecture_hyperparameters": {
    "hidden_dim": 128,
    "dropout": 0.3,
    "epitope_hidden_dim": 128
  },
  "training": {
    "batch_size": 24,
    "epochs_requested": 30,
    "early_stopping_patience": 5,
    "optimizer": "AdamW",
    "lr": 0.001,
    "weight_decay": 0.0001,
    "lambda_cls": 1.0,
    "lambda_epi": 0.5,
    "use_protein_pos_weight": false,
    "protein_pos_weight": null,
    "residue_pos_weight": 2.9089303016662598,
    "residue_pos_weight_formula": "total_non_epitope_residues / total_epitope_residues",
    "total_epitope_residues_train": 24344.0,
    "total_non_epitope_residues_train": 70815.0,
    "best_epoch": 7,
    "early_stopped": false
  },
  "validation_losses": {
    "total_loss": 0.6371181607246399,
    "cls_loss": 0.1661833425362905,
    "epi_loss": 0.9234459437845794,
    "weighted_cls": 0.1661833425362905,
    "weighted_epi": 0.4617229718922897
  },
  "validation_classification_metrics": {
    "threshold": 0.5,
    "accuracy": 0.9583333333333334,
    "auroc": 0.9837837837837838,
    "auprc": 0.9851530754114507,
    "f1": 0.958904109589041,
    "precision": 0.9722222222222222,
    "recall": 0.9459459459459459,
    "specificity": 0.9714285714285714,
    "mcc": 0.9170205237216018,
    "confusion_matrix": {
      "tn": 34,
      "fp": 1,
      "fn": 2,
      "tp": 35
    }
  },
  "validation_residue_metrics": {
    "n_valid_residues": 10301,
    "n_positive_residues": 2145,
    "auroc": 0.6690886398218423,
    "auprc": 0.32407358522957774,
    "precision_at_k": 0.35477855801582336
  },
  "test_metrics": {
    "threshold": 0.5,
    "accuracy": 0.832258064516129,
    "auroc": 0.9106841927873274,
    "auprc": 0.8836543104293286,
    "f1": 0.8115942028985508,
    "precision": 0.8115942028985508,
    "recall": 0.8115942028985508,
    "specificity": 0.8488372093023255,
    "mcc": 0.6604314122008763,
    "confusion_matrix": {
      "tn": 73,
      "fp": 13,
      "fn": 13,
      "tp": 56
    },
    "test_total_loss": 0.9763051526887077,
    "test_cls_loss": 0.38828518429110126,
    "test_epi_loss": 0.9900758252523901,
    "test_weighted_cls": 0.38828518429110126,
    "test_weighted_epi": 0.49503791262619506,
    "best_epoch": 7,
    "n_test_sequences": 155
  },
  "test_residue_metrics": {
    "n_valid_residues": 17892,
    "n_positive_residues": 5106,
    "auroc": 0.6885888551110023,
    "auprc": 0.4317658338694237,
    "precision_at_k": 0.4586760699748993
  }
}