{
  "esm_model_name": "esm2_t6_8M_UR50D",
  "baseline_checkpoint_path": "/Users/jianzhouyao/Library/Mobile Documents/com~apple~CloudDocs/Universita\u0308t/ETH/DL in Biology/XAllergen2.0/models/baseline_frozen_esm2.pt",
  "architecture_hyperparameters": {
    "hidden_dim": 128,
    "dropout": 0.3,
    "epitope_hidden_dim": 128
  },
  "training": {
    "batch_size": 1,
    "epochs_requested": 30,
    "early_stopping_patience": 5,
    "optimizer": "AdamW",
    "lr": 0.001,
    "weight_decay": 0.0001,
    "lambda_cls": 1.0,
    "lambda_epi": 0.5,
    "use_protein_pos_weight": false,
    "protein_pos_weight": null,
    "residue_pos_weight": 3.9145848751068115,
    "residue_pos_weight_formula": "total_non_epitope_residues / total_epitope_residues",
    "total_epitope_residues_train": 18053.0,
    "total_non_epitope_residues_train": 70670.0,
    "best_epoch": 1,
    "early_stopped": false
  },
  "validation_losses": {
    "total_loss": 0.5715217292308807,
    "cls_loss": 0.2774252058948141,
    "epi_loss": 1.0767805546685432,
    "weighted_cls": 0.2774252058948141,
    "weighted_epi": 0.5383902773342716
  },
  "validation_classification_metrics": {
    "threshold": 0.5,
    "accuracy": 0.875,
    "auroc": 0.9569892473118279,
    "auprc": 0.9534854292051969,
    "f1": 0.8787878787878788,
    "precision": 0.8787878787878788,
    "recall": 0.8787878787878788,
    "specificity": 0.8709677419354839,
    "mcc": 0.7497556207233627,
    "confusion_matrix": {
      "tn": 27,
      "fp": 4,
      "fn": 4,
      "tp": 29
    }
  },
  "validation_residue_metrics": {
    "n_valid_residues": 9673,
    "n_positive_residues": 1825,
    "auroc": 0.5536441009313952,
    "auprc": 0.21620488477188143,
    "precision_at_k": 0.22904109954833984
  },
  "test_metrics": {
    "threshold": 0.5,
    "accuracy": 0.8507462686567164,
    "auroc": 0.9385208711433757,
    "auprc": 0.9301763461424332,
    "f1": 0.8412698412698413,
    "precision": 0.7794117647058824,
    "recall": 0.9137931034482759,
    "specificity": 0.8026315789473685,
    "mcc": 0.7100107244497474,
    "confusion_matrix": {
      "tn": 61,
      "fp": 15,
      "fn": 5,
      "tp": 53
    },
    "test_total_loss": 0.640404095845436,
    "test_cls_loss": 0.3937068219409148,
    "test_epi_loss": 1.0662395550157524,
    "test_weighted_cls": 0.3937068219409148,
    "test_weighted_epi": 0.5331197775078762,
    "best_epoch": 1,
    "n_test_sequences": 134
  },
  "test_residue_metrics": {
    "n_valid_residues": 15389,
    "n_positive_residues": 3241,
    "auroc": 0.6643954861145329,
    "auprc": 0.3259739862009158,
    "precision_at_k": 0.3424868881702423
  }
}