{
  "esm_model_name": "esm2_t6_8M_UR50D",
  "baseline_checkpoint_path": "/Users/jianzhouyao/Library/Mobile Documents/com~apple~CloudDocs/Universita\u0308t/ETH/DL in Biology/XAllergen2.0/models/baseline_frozen_esm2.pt",
  "architecture_hyperparameters": {
    "hidden_dim": 128,
    "dropout": 0.3,
    "epitope_hidden_dim": 128
  },
  "training": {
    "batch_size": 24,
    "epochs_requested": 30,
    "early_stopping_patience": 5,
    "optimizer": "AdamW",
    "lr": 0.001,
    "weight_decay": 0.0001,
    "lambda_cls": 1.0,
    "lambda_epi": 0.5,
    "use_protein_pos_weight": false,
    "protein_pos_weight": null,
    "residue_pos_weight": 3.9145848751068115,
    "residue_pos_weight_formula": "total_non_epitope_residues / total_epitope_residues",
    "total_epitope_residues_train": 18053.0,
    "total_non_epitope_residues_train": 70670.0,
    "best_epoch": 6,
    "early_stopped": false
  },
  "validation_losses": {
    "total_loss": 0.7645418047904968,
    "cls_loss": 0.2501436285674572,
    "epi_loss": 1.072782397830941,
    "weighted_cls": 0.2501436285674572,
    "weighted_epi": 0.5363911989154705
  },
  "validation_classification_metrics": {
    "threshold": 0.5,
    "accuracy": 0.921875,
    "auroc": 0.9657869012707723,
    "auprc": 0.9711984481070501,
    "f1": 0.9230769230769231,
    "precision": 0.9375,
    "recall": 0.9090909090909091,
    "specificity": 0.9354838709677419,
    "mcc": 0.8441622892989752,
    "confusion_matrix": {
      "tn": 29,
      "fp": 2,
      "fn": 3,
      "tp": 30
    }
  },
  "validation_residue_metrics": {
    "n_valid_residues": 9673,
    "n_positive_residues": 1825,
    "auroc": 0.5961569826707441,
    "auprc": 0.25197476002789,
    "precision_at_k": 0.28219178318977356
  },
  "test_metrics": {
    "threshold": 0.5,
    "accuracy": 0.8208955223880597,
    "auroc": 0.933529945553539,
    "auprc": 0.9214718836830152,
    "f1": 0.8095238095238095,
    "precision": 0.75,
    "recall": 0.8793103448275862,
    "specificity": 0.7763157894736842,
    "mcc": 0.6497564894426124,
    "confusion_matrix": {
      "tn": 59,
      "fp": 17,
      "fn": 7,
      "tp": 51
    },
    "test_total_loss": 0.885727991660436,
    "test_cls_loss": 0.35549322348922047,
    "test_epi_loss": 1.0675672754665682,
    "test_weighted_cls": 0.35549322348922047,
    "test_weighted_epi": 0.5337836377332841,
    "best_epoch": 6,
    "n_test_sequences": 134
  },
  "test_residue_metrics": {
    "n_valid_residues": 15389,
    "n_positive_residues": 3241,
    "auroc": 0.6596116527244922,
    "auprc": 0.3010710613852987,
    "precision_at_k": 0.31379204988479614
  }
}