original_aa,mutant_aa,n,mean_delta_p,median_delta_p,std_delta_p,sem_delta_p,ci95_low,ci95_high,ci95_half_width,transition_label
Q,I,53,0.02856453297273163,0.008824348449707,0.061001706876800274,0.008379228858429908,0.01418089343691767,0.0463597989869567,0.017795266014225066,Q→I
Q,L,55,0.028425111553885673,0.0090923309326171,0.0656053307872722,0.008846220998726883,0.013910630155693344,0.04675470834428607,0.018329596790400398,Q→L
I,G,90,0.02808879278600211,0.005702704191207801,0.10354518498800866,0.0109146208435194,0.012749149815903723,0.053639709278941114,0.025550916492939005,I→G
Q,C,36,0.028088347779379907,0.00576931238174435,0.06375622294236176,0.010626037157060293,0.010881431276599522,0.05068976498312416,0.02260141720374425,Q→C
G,M,312,0.027788222928603064,0.0070028007030486505,0.07424495100961517,0.004203292646468893,0.02055140197372585,0.037413890416083145,0.009625667487480082,G→M
Q,F,46,0.02761572081109747,0.0047039091587066,0.060415512721860284,0.008907781377812155,0.012316114973762709,0.04652951865092563,0.01891379783982816,Q→F
G,R,309,0.027466260427217223,0.0069896578788757,0.06478255380849869,0.003685350724287522,0.02117090052578437,0.035431605067501905,0.007965344640284682,G→R
G,L,282,0.0267810509639217,0.006108373403549149,0.06620444170097675,0.003942417131685304,0.01978869533285177,0.034687337826884546,0.007906286862962845,G→L
G,C,229,0.026740276616668546,0.0060033202171325,0.06603443976355802,0.004363678606639034,0.01900166435142787,0.035483606616807765,0.008743330000139219,G→C
G,I,268,0.02601506821672191,0.00621011853218075,0.06623330557106255,0.004045843069749044,0.019032164557433798,0.03374767966669243,0.007732611449970523,G→I
