original_aa,class,n_total,n_reducing,frac_reducing,mean_delta_p_all,mean_delta_p_reducing
K,Basic,3724,2787,0.7483888292158969,0.0038743241100894924,0.008479967462062619
G,Small / conformationally special,7144,5242,0.7337625979843225,0.005655557818268586,0.009672169658529125
N,Polar uncharged,3040,2027,0.6667763157894737,0.0015872613379829647,0.004381979282230433
A,Small / conformationally special,2584,1615,0.625,0.0020656527622657564,0.00794103630002434
Y,Nonpolar,4351,2692,0.6187083429096759,0.001863377467157419,0.006668326482287444
V,Nonpolar,3667,2220,0.6053995091355331,0.002282236296635794,0.007375912220628371
S,Polar uncharged,2014,1195,0.5933465739821251,0.001795342034829518,0.00758030693900132
Q,Polar uncharged,2280,1301,0.5706140350877194,0.0023593119231232356,0.008301588524130061
D,Acidic,5358,3030,0.5655095184770437,0.0008485759425937466,0.006510129777511703
F,Nonpolar,6099,3362,0.5512379078537465,0.0008493668916948969,0.00620871395812294
C,Nonpolar,4636,2480,0.5349439171699741,0.003383485341606926,0.010803750229458613
H,Basic,3667,1911,0.5211344423234251,0.002370875539069673,0.0076907700359477825
W,Nonpolar,3363,1708,0.5078798691644365,0.0013828717134483069,0.007077641872388094
L,Nonpolar,4655,2341,0.5029001074113856,0.0006972183730497262,0.009127423148132762
P,Small / conformationally special,6232,3117,0.5001604621309371,0.0016687616242026476,0.008837742853478237
E,Acidic,3496,1649,0.47168192219679633,0.0014306507510233278,0.00931341717501995
I,Nonpolar,4636,2086,0.4499568593615185,-0.0007545053573185407,0.004990988986947007
T,Polar uncharged,3439,1546,0.4495492875835999,0.0010182723017340696,0.007361735363055897
R,Basic,2869,954,0.33252004182642037,-0.0038155213221725682,0.004650349512040197
M,Nonpolar,2546,624,0.24509033778476041,-0.005498509494132701,0.004351073923783388
