original_aa,class,n_total,n_reducing,frac_reducing,mean_delta_p_all,mean_delta_p_reducing
K,Basic,3306,2520,0.7622504537205081,0.0072624267896448874,0.013805645053821848
G,Small / conformationally special,6935,5161,0.7441961067051189,0.014272144110235429,0.02162576665009341
Y,Nonpolar,4199,2886,0.6873065015479877,0.005989667875450471,0.012028882369058249
V,Nonpolar,3572,2424,0.6786114221724524,0.003765578524596463,0.012499946756626466
A,Small / conformationally special,2413,1633,0.6767509324492333,0.0066307925654307195,0.012939926786650442
N,Polar uncharged,2337,1485,0.6354300385109114,0.0017462831100542096,0.00677957835823594
L,Nonpolar,3762,2252,0.5986177565124934,0.005712014969075877,0.014160176841657875
P,Small / conformationally special,5776,3412,0.5907202216066482,0.005056231058205255,0.014008545477253286
C,Nonpolar,3420,2005,0.5862573099415205,0.004184713924837383,0.012355271212180607
S,Polar uncharged,2166,1243,0.5738688827331486,0.00234121962047129,0.009923345843151658
Q,Polar uncharged,1653,945,0.5716878402903811,0.007614693350310182,0.01893697232796397
F,Nonpolar,4788,2696,0.5630743525480367,0.0032700205357152354,0.012534819233841948
D,Acidic,5434,2939,0.5408538829591462,0.0015840120161110538,0.013838672220159316
I,Nonpolar,4009,2107,0.525567473185333,0.003666488033268448,0.014158913235374078
H,Basic,2964,1534,0.5175438596491229,0.0019303913983577969,0.00791263910595717
T,Polar uncharged,3515,1715,0.4879089615931721,0.002744316427331223,0.011108319578643397
W,Nonpolar,2451,1173,0.4785801713586291,0.0013335540021307297,0.007191526158081557
E,Acidic,2774,1199,0.4322278298485941,0.001671179409240256,0.01612150674069092
R,Basic,2147,676,0.3148579413134606,-0.007655598754154324,0.010744575036347924
M,Nonpolar,2546,657,0.2580518460329929,-0.006915368695757259,0.01014577398924337
